Workbook

Sheet Resultados
A1: Tamaño | B1: Asignaciones | C1: Comparaciones | D1: Cantidad de líneas ejecutadas (Suma asig + comp) | E1: Tiempo de ejecución (ms) | F1: Cantidad de líneas del código
A2: 10 | B2: 16 | C2: 53 | D2: 69 | E2: 0 | F2: 15
A3: 100 | B3: 173 | C3: 689 | D3: 862 | E3: 0 | F3: 15
A4: 1000 | B4: 2097 | C4: 8446 | D4: 10543 | E4: 0 | F4: 15
A5: 10000 | B5: 30964 | C5: 116742 | D5: 147706 | E5: 1 | F5: 15
A6: 100000 | B6: 566776 | C6: 1952363 | D6: 2519139 | E6: 7 | F6: 15
A7: 1000000 | B7: 12351508 | C7: 39662029 | D7: 52013537 | E7: 64 | F7: 15
A8: 10000000 | B8: 301439428 | C8: 930995384 | D8: 1232434812 | E8: 1578 | F8: 15
A9: 100000000 | B9: 7856519406 | C9: 23840750938 | D9: 31697270344 | E9: 38306 | F9: 15
A12: Tamaño | B12: Asignaciones | C12: Comparaciones | D12: Cantidad de líneas ejecutadas (Suma asig + comp) | E12: Tiempo de ejecución (ms) | F12: Cantidad de líneas del código
A13: 10 | B13: 32 | C13: 31 | D13: 63 | E13: 0 | F13: 11
A14: 100 | B14: 350 | C14: 326 | D14: 676 | E14: 0 | F14: 11
A15: 1000 | B15: 4035 | C15: 3482 | D15: 7517 | E15: 0 | F15: 11
A16: 10000 | B16: 45319 | C16: 37204 | D16: 82523 | E16: 1 | F16: 11
A17: 100000 | B17: 496132 | C17: 393773 | D17: 889905 | E17: 11 | F17: 11
A18: 1000000 | B18: 5323765 | C18: 4124214 | D18: 9447979 | E18: 21 | F18: 11
A19: 10000000 | B19: 56368292 | C19: 42856819 | D19: 99225111 | E19: 122 | F19: 11
A20: 100000000 | B20: 590913095 | C20: 442591431 | D20: 1033504526 | E20: 1454 | F20: 11

Sheet Graficos
A1: Tamaño | B1: Divisibilidad | C1: Eratóstenes | D1: Miller-Rabin | E1: Atkin
A2: 10 | B2: =INDEX(Resultados_1_Divisi_n_por_tenta!#REF!,MATCH(Graficos!A2,Resultados_1_Divisi_n_por_tenta!A2:A9,0)) -> #REF! | C2: =INDEX(Resultados_2_Criba_de_Erat_stenes[Cantidad de líneas ejecutadas (Suma asig + comp)],MATCH(A2,Resultados_2_Criba_de_Erat_stenes[Tamaño],0)) -> 63 | D2: =INDEX(Resultados_4_Miller_Rabin[Cantidad de líneas ejecutadas (Suma asig + comp)],MATCH(A2,Resultados_4_Miller_Rabin[Tamaño],0)) -> 1238 | E2: =INDEX(Resultados_3_Criba_de_Atkin[Cantidad de líneas ejecutadas (Suma asig + comp)],MATCH(A2,Resultados_3_Criba_de_Atkin[Tamaño],0)) -> 172
A3: 100 | B3: =INDEX(Resultados_1_Divisi_n_por_tenta!D10:D10,MATCH(Graficos!A3,Resultados_1_Divisi_n_por_tenta!A3:A10,0)) -> 0 | C3: =INDEX(Resultados_2_Criba_de_Erat_stenes[Cantidad de líneas ejecutadas (Suma asig + comp)],MATCH(A3,Resultados_2_Criba_de_Erat_stenes[Tamaño],0)) -> 676 | D3: =INDEX(Resultados_4_Miller_Rabin[Cantidad de líneas ejecutadas (Suma asig + comp)],MATCH(A3,Resultados_4_Miller_Rabin[Tamaño],0)) -> 10732 | E3: =INDEX(Resultados_3_Criba_de_Atkin[Cantidad de líneas ejecutadas (Suma asig + comp)],MATCH(A3,Resultados_3_Criba_de_Atkin[Tamaño],0)) -> 1484
A4: 1000 | B4: =INDEX(Resultados_1_Divisi_n_por_tenta!D10:D11,MATCH(Graficos!A4,Resultados_1_Divisi_n_por_tenta!A4:A11,0)) -> 0 | C4: =INDEX(Resultados_2_Criba_de_Erat_stenes[Cantidad de líneas ejecutadas (Suma asig + comp)],MATCH(A4,Resultados_2_Criba_de_Erat_stenes[Tamaño],0)) -> 7517 | D4: =INDEX(Resultados_4_Miller_Rabin[Cantidad de líneas ejecutadas (Suma asig + comp)],MATCH(A4,Resultados_4_Miller_Rabin[Tamaño],0)) -> 82280 | E4: =INDEX(Resultados_3_Criba_de_Atkin[Cantidad de líneas ejecutadas (Suma asig + comp)],MATCH(A4,Resultados_3_Criba_de_Atkin[Tamaño],0)) -> 16422
A5: 10000 | B5: =INDEX(Resultados_1_Divisi_n_por_tenta!D10:D12,MATCH(Graficos!A5,Resultados_1_Divisi_n_por_tenta!A5:A12,0)) -> 0 | C5: =INDEX(Resultados_2_Criba_de_Erat_stenes[Cantidad de líneas ejecutadas (Suma asig + comp)],MATCH(A5,Resultados_2_Criba_de_Erat_stenes[Tamaño],0)) -> 82523 | D5: =INDEX(Resultados_4_Miller_Rabin[Cantidad de líneas ejecutadas (Suma asig + comp)],MATCH(A5,Resultados_4_Miller_Rabin[Tamaño],0)) -> 659981 | E5: =INDEX(Resultados_3_Criba_de_Atkin[Cantidad de líneas ejecutadas (Suma asig + comp)],MATCH(A5,Resultados_3_Criba_de_Atkin[Tamaño],0)) -> 165063
A6: 100000 | B6: =INDEX(Resultados_1_Divisi_n_por_tenta!D10:D13,MATCH(Graficos!A6,Resultados_1_Divisi_n_por_tenta!A6:A13,0)) -> 0 | C6: =INDEX(Resultados_2_Criba_de_Erat_stenes[Cantidad de líneas ejecutadas (Suma asig + comp)],MATCH(A6,Resultados_2_Criba_de_Erat_stenes[Tamaño],0)) -> 889905 | D6: =INDEX(Resultados_4_Miller_Rabin[Cantidad de líneas ejecutadas (Suma asig + comp)],MATCH(A6,Resultados_4_Miller_Rabin[Tamaño],0)) -> 5601977 | E6: =INDEX(Resultados_3_Criba_de_Atkin[Cantidad de líneas ejecutadas (Suma asig + comp)],MATCH(A6,Resultados_3_Criba_de_Atkin[Tamaño],0)) -> 1668222
A7: 1000000 | B7: =INDEX(Resultados_1_Divisi_n_por_tenta!D10:D14,MATCH(Graficos!A7,Resultados_1_Divisi_n_por_tenta!A7:A14,0)) -> 0 | C7: =INDEX(Resultados_2_Criba_de_Erat_stenes[Cantidad de líneas ejecutadas (Suma asig + comp)],MATCH(A7,Resultados_2_Criba_de_Erat_stenes[Tamaño],0)) -> 9447979 | D7: =INDEX(Resultados_4_Miller_Rabin[Cantidad de líneas ejecutadas (Suma asig + comp)],MATCH(A7,Resultados_4_Miller_Rabin[Tamaño],0)) -> 49018284 | E7: =INDEX(Resultados_3_Criba_de_Atkin[Cantidad de líneas ejecutadas (Suma asig + comp)],MATCH(A7,Resultados_3_Criba_de_Atkin[Tamaño],0)) -> 16645094
A8: 10000000 | B8: =INDEX(Resultados_1_Divisi_n_por_tenta!D10:D15,MATCH(Graficos!A8,Resultados_1_Divisi_n_por_tenta!A8:A15,0)) -> 0 | C8: =INDEX(Resultados_2_Criba_de_Erat_stenes[Cantidad de líneas ejecutadas (Suma asig + comp)],MATCH(A8,Resultados_2_Criba_de_Erat_stenes[Tamaño],0)) -> 99225111 | D8: =INDEX(Resultados_4_Miller_Rabin[Cantidad de líneas ejecutadas (Suma asig + comp)],MATCH(A8,Resultados_4_Miller_Rabin[Tamaño],0)) -> 447045794 | E8: =INDEX(Resultados_3_Criba_de_Atkin[Cantidad de líneas ejecutadas (Suma asig + comp)],MATCH(A8,Resultados_3_Criba_de_Atkin[Tamaño],0)) -> 166528644
A9: 100000000 | B9: =INDEX(Resultados_1_Divisi_n_por_tenta!D10:D16,MATCH(Graficos!A9,Resultados_1_Divisi_n_por_tenta!A9:A16,0)) -> 0 | C9: =INDEX(Resultados_2_Criba_de_Erat_stenes[Cantidad de líneas ejecutadas (Suma asig + comp)],MATCH(A9,Resultados_2_Criba_de_Erat_stenes[Tamaño],0)) -> 1033504526 | D9: =INDEX(Resultados_4_Miller_Rabin[Cantidad de líneas ejecutadas (Suma asig + comp)],MATCH(A9,Resultados_4_Miller_Rabin[Tamaño],0)) -> 4134934663 | E9: =INDEX(Resultados_3_Criba_de_Atkin[Cantidad de líneas ejecutadas (Suma asig + comp)],MATCH(A9,Resultados_3_Criba_de_Atkin[Tamaño],0)) -> 1664246688

Sheet Factor de Crecimiento
A1: Prueba de divisibilidad | I1: Criba de Eratóstenes
A2: Tamaño | C2: Factor talla | D2: Factor Asig | E2: Factor comparaciones | F2: Factor Cantidad de líneas ejecutadas | G2: Factor Tiempo de ejecución | I2: Tamaño | K2: Factor talla | L2: Factor Asig | M2: Factor comparaciones | N2: Factor Cantidad de líneas ejecutadas | O2: Factor Tiempo de ejecución
A3: 10 | B3: 100 | C3: =B3/A3 -> 10 | D3: =INDEX(Resultados_1_Divisi_n_por_tentativa_optimizado[[#All],[Asignaciones]],MATCH($B3,Resultados_1_Divisi_n_por_tentativa_optimizado[[#All],[Tamaño]],0))/INDEX(Resultados_1_Divisi_n_por_tentativa_optimizado[[#All],[Asignaciones]],MATCH($A3,Resultados_1_Divisi_n_por_tentativa_optimizado[[#All],[Tamaño]],0)) -> 10.8125 | E3: =INDEX(Resultados_1_Divisi_n_por_tentativa_optimizado[[#All],[Comparaciones]],MATCH($B3,Resultados_1_Divisi_n_por_tentativa_optimizado[[#All],[Tamaño]],0))/INDEX(Resultados_1_Divisi_n_por_tentativa_optimizado[[#All],[Comparaciones]],MATCH($A3,Resultados_1_Divisi_n_por_tentativa_optimizado[[#All],[Tamaño]],0)) -> 13 | F3: =INDEX(Resultados_1_Divisi_n_por_tentativa_optimizado[[#All],[Líneas ejecutadas]],MATCH($B3,Resultados_1_Divisi_n_por_tentativa_optimizado[[#All],[Tamaño]],0))/INDEX(Resultados_1_Divisi_n_por_tentativa_optimizado[[#All],[Líneas ejecutadas]],MATCH($A3,Resultados_1_Divisi_n_por_tentativa_optimizado[[#All],[Tamaño]],0)) -> 12.492754 | G3: =INDEX(Resultados_1_Divisi_n_por_tentativa_optimizado[[#All],[Tiempo de ejecución (ms)]],MATCH($B3,Resultados_1_Divisi_n_por_tentativa_optimizado[[#All],[Tamaño]],0))/INDEX(Resultados_1_Divisi_n_por_tentativa_optimizado[[#All],[Tiempo de ejecución (ms)]],MATCH($A3,Resultados_1_Divisi_n_por_tentativa_optimizado[[#All],[Tamaño]],0)) -> #DIV/0! | I3: 10 | J3: 100 | K3: =J3/I3 -> 10 | L3: =INDEX(Resultados_2_Criba_de_Erat_stenes[[#All],[Asignaciones]],MATCH($J3,Resultados_2_Criba_de_Erat_stenes[[#All],[Tamaño]],0))/INDEX(Resultados_2_Criba_de_Erat_stenes[[#All],[Asignaciones]],MATCH($I3,Resultados_2_Criba_de_Erat_stenes[[#All],[Tamaño]],0)) -> 10.9375 | M3: =INDEX(Resultados_2_Criba_de_Erat_stenes[[#All],[Comparaciones]],MATCH($J3,Resultados_2_Criba_de_Erat_stenes[[#All],[Tamaño]],0))/INDEX(Resultados_2_Criba_de_Erat_stenes[[#All],[Comparaciones]],MATCH($I3,Resultados_2_Criba_de_Erat_stenes[[#All],[Tamaño]],0)) -> 10.516129 | N3: =INDEX(Resultados_2_Criba_de_Erat_stenes[[#All],[Cantidad de líneas ejecutadas (Suma asig + comp)]],MATCH($J3,Resultados_2_Criba_de_Erat_stenes[[#All],[Tamaño]],0))/INDEX(Resultados_2_Criba_de_Erat_stenes[[#All],[Cantidad de líneas ejecutadas (Suma asig + comp)]],MATCH($I3,Resultados_2_Criba_de_Erat_stenes[[#All],[Tamaño]],0)) -> 10.730159 | O3: =INDEX(Resultados_2_Criba_de_Erat_stenes[[#All],[Tiempo de ejecución (ms)]],MATCH($J3,Resultados_2_Criba_de_Erat_stenes[[#All],[Tamaño]],0))/INDEX(Resultados_2_Criba_de_Erat_stenes[[#All],[Tiempo de ejecución (ms)]],MATCH($I3,Resultados_2_Criba_de_Erat_stenes[[#All],[Tamaño]],0)) -> #DIV/0!
A4: 10 | B4: 1000 | C4: =B4/A4 -> 100 | D4: =INDEX(Resultados_1_Divisi_n_por_tentativa_optimizado[[#All],[Asignaciones]],MATCH($B4,Resultados_1_Divisi_n_por_tentativa_optimizado[[#All],[Tamaño]],0))/INDEX(Resultados_1_Divisi_n_por_tentativa_optimizado[[#All],[Asignaciones]],MATCH($A4,Resultados_1_Divisi_n_por_tentativa_optimizado[[#All],[Tamaño]],0)) -> 131.0625 | E4: =INDEX(Resultados_1_Divisi_n_por_tentativa_optimizado[[#All],[Comparaciones]],MATCH($B4,Resultados_1_Divisi_n_por_tentativa_optimizado[[#All],[Tamaño]],0))/INDEX(Resultados_1_Divisi_n_por_tentativa_optimizado[[#All],[Comparaciones]],MATCH($A4,Resultados_1_Divisi_n_por_tentativa_optimizado[[#All],[Tamaño]],0)) -> 159.35849 | F4: =INDEX(Resultados_1_Divisi_n_por_tentativa_optimizado[[#All],[Líneas ejecutadas]],MATCH($B4,Resultados_1_Divisi_n_por_tentativa_optimizado[[#All],[Tamaño]],0))/INDEX(Resultados_1_Divisi_n_por_tentativa_optimizado[[#All],[Líneas ejecutadas]],MATCH($A4,Resultados_1_Divisi_n_por_tentativa_optimizado[[#All],[Tamaño]],0)) -> 152.7971 | G4: =INDEX(Resultados_1_Divisi_n_por_tentativa_optimizado[[#All],[Tiempo de ejecución (ms)]],MATCH($B4,Resultados_1_Divisi_n_por_tentativa_optimizado[[#All],[Tamaño]],0))/INDEX(Resultados_1_Divisi_n_por_tentativa_optimizado[[#All],[Tiempo de ejecución (ms)]],MATCH($A4,Resultados_1_Divisi_n_por_tentativa_optimizado[[#All],[Tamaño]],0)) -> #DIV/0! | I4: 10 | J4: 1000 | K4: =J4/I4 -> 100 | L4: =INDEX(Resultados_2_Criba_de_Erat_stenes[[#All],[Asignaciones]],MATCH($B4,Resultados_2_Criba_de_Erat_stenes[[#All],[Tamaño]],0))/INDEX(Resultados_2_Criba_de_Erat_stenes[[#All],[Asignaciones]],MATCH($A4,Resultados_2_Criba_de_Erat_stenes[[#All],[Tamaño]],0)) -> 126.09375 | M4: =INDEX(Resultados_2_Criba_de_Erat_stenes[[#All],[Comparaciones]],MATCH($J4,Resultados_2_Criba_de_Erat_stenes[[#All],[Tamaño]],0))/INDEX(Resultados_2_Criba_de_Erat_stenes[[#All],[Comparaciones]],MATCH($I4,Resultados_2_Criba_de_Erat_stenes[[#All],[Tamaño]],0)) -> 112.32258 | N4: =INDEX(Resultados_2_Criba_de_Erat_stenes[[#All],[Cantidad de líneas ejecutadas (Suma asig + comp)]],MATCH($J4,Resultados_2_Criba_de_Erat_stenes[[#All],[Tamaño]],0))/INDEX(Resultados_2_Criba_de_Erat_stenes[[#All],[Cantidad de líneas ejecutadas (Suma asig + comp)]],MATCH($I4,Resultados_2_Criba_de_Erat_stenes[[#All],[Tamaño]],0)) -> 119.31746 | O4: =INDEX(Resultados_2_Criba_de_Erat_stenes[[#All],[Tiempo de ejecución (ms)]],MATCH($J4,Resultados_2_Criba_de_Erat_stenes[[#All],[Tamaño]],0))/INDEX(Resultados_2_Criba_de_Erat_stenes[[#All],[Tiempo de ejecución (ms)]],MATCH($I4,Resultados_2_Criba_de_Erat_stenes[[#All],[Tamaño]],0)) -> #DIV/0!
A5: 10 | B5: 10000 | C5: =B5/A5 -> 1000 | D5: =INDEX(Resultados_1_Divisi_n_por_tentativa_optimizado[[#All],[Asignaciones]],MATCH($B5,Resultados_1_Divisi_n_por_tentativa_optimizado[[#All],[Tamaño]],0))/INDEX(Resultados_1_Divisi_n_por_tentativa_optimizado[[#All],[Asignaciones]],MATCH($A5,Resultados_1_Divisi_n_por_tentativa_optimizado[[#All],[Tamaño]],0)) -> 1935.25 | E5: =INDEX(Resultados_1_Divisi_n_por_tentativa_optimizado[[#All],[Comparaciones]],MATCH($B5,Resultados_1_Divisi_n_por_tentativa_optimizado[[#All],[Tamaño]],0))/INDEX(Resultados_1_Divisi_n_por_tentativa_optimizado[[#All],[Comparaciones]],MATCH($A5,Resultados_1_Divisi_n_por_tentativa_optimizado[[#All],[Tamaño]],0)) -> 2202.6792 | F5: =INDEX(Resultados_1_Divisi_n_por_tentativa_optimizado[[#All],[Líneas ejecutadas]],MATCH($B5,Resultados_1_Divisi_n_por_tentativa_optimizado[[#All],[Tamaño]],0))/INDEX(Resultados_1_Divisi_n_por_tentativa_optimizado[[#All],[Líneas ejecutadas]],MATCH($A5,Resultados_1_Divisi_n_por_tentativa_optimizado[[#All],[Tamaño]],0)) -> 2140.6667 | G5: =INDEX(Resultados_1_Divisi_n_por_tentativa_optimizado[[#All],[Tiempo de ejecución (ms)]],MATCH($B5,Resultados_1_Divisi_n_por_tentativa_optimizado[[#All],[Tamaño]],0))/INDEX(Resultados_1_Divisi_n_por_tentativa_optimizado[[#All],[Tiempo de ejecución (ms)]],MATCH($A5,Resultados_1_Divisi_n_por_tentativa_optimizado[[#All],[Tamaño]],0)) -> #DIV/0! | I5: 10 | J5: 10000 | K5: =J5/I5 -> 1000 | L5: =INDEX(Resultados_2_Criba_de_Erat_stenes[[#All],[Asignaciones]],MATCH($B5,Resultados_2_Criba_de_Erat_stenes[[#All],[Tamaño]],0))/INDEX(Resultados_2_Criba_de_Erat_stenes[[#All],[Asignaciones]],MATCH($A5,Resultados_2_Criba_de_Erat_stenes[[#All],[Tamaño]],0)) -> 1416.2188 | M5: =INDEX(Resultados_2_Criba_de_Erat_stenes[[#All],[Comparaciones]],MATCH($J5,Resultados_2_Criba_de_Erat_stenes[[#All],[Tamaño]],0))/INDEX(Resultados_2_Criba_de_Erat_stenes[[#All],[Comparaciones]],MATCH($I5,Resultados_2_Criba_de_Erat_stenes[[#All],[Tamaño]],0)) -> 1200.129 | N5: =INDEX(Resultados_2_Criba_de_Erat_stenes[[#All],[Cantidad de líneas ejecutadas (Suma asig + comp)]],MATCH($J5,Resultados_2_Criba_de_Erat_stenes[[#All],[Tamaño]],0))/INDEX(Resultados_2_Criba_de_Erat_stenes[[#All],[Cantidad de líneas ejecutadas (Suma asig + comp)]],MATCH($I5,Resultados_2_Criba_de_Erat_stenes[[#All],[Tamaño]],0)) -> 1309.8889 | O5: =INDEX(Resultados_2_Criba_de_Erat_stenes[[#All],[Tiempo de ejecución (ms)]],MATCH($J5,Resultados_2_Criba_de_Erat_stenes[[#All],[Tamaño]],0))/INDEX(Resultados_2_Criba_de_Erat_stenes[[#All],[Tiempo de ejecución (ms)]],MATCH($I5,Resultados_2_Criba_de_Erat_stenes[[#All],[Tamaño]],0)) -> #DIV/0!
A6: 10 | B6: 100000 | C6: =B6/A6 -> 10000 | D6: =INDEX(Resultados_1_Divisi_n_por_tentativa_optimizado[[#All],[Asignaciones]],MATCH($B6,Resultados_1_Divisi_n_por_tentativa_optimizado[[#All],[Tamaño]],0))/INDEX(Resultados_1_Divisi_n_por_tentativa_optimizado[[#All],[Asignaciones]],MATCH($A6,Resultados_1_Divisi_n_por_tentativa_optimizado[[#All],[Tamaño]],0)) -> 35423.5 | E6: =INDEX(Resultados_1_Divisi_n_por_tentativa_optimizado[[#All],[Comparaciones]],MATCH($B6,Resultados_1_Divisi_n_por_tentativa_optimizado[[#All],[Tamaño]],0))/INDEX(Resultados_1_Divisi_n_por_tentativa_optimizado[[#All],[Comparaciones]],MATCH($A6,Resultados_1_Divisi_n_por_tentativa_optimizado[[#All],[Tamaño]],0)) -> 36837.038 | F6: =INDEX(Resultados_1_Divisi_n_por_tentativa_optimizado[[#All],[Líneas ejecutadas]],MATCH($B6,Resultados_1_Divisi_n_por_tentativa_optimizado[[#All],[Tamaño]],0))/INDEX(Resultados_1_Divisi_n_por_tentativa_optimizado[[#All],[Líneas ejecutadas]],MATCH($A6,Resultados_1_Divisi_n_por_tentativa_optimizado[[#All],[Tamaño]],0)) -> 36509.261 | G6: =INDEX(Resultados_1_Divisi_n_por_tentativa_optimizado[[#All],[Tiempo de ejecución (ms)]],MATCH($B6,Resultados_1_Divisi_n_por_tentativa_optimizado[[#All],[Tamaño]],0))/INDEX(Resultados_1_Divisi_n_por_tentativa_optimizado[[#All],[Tiempo de ejecución (ms)]],MATCH($A6,Resultados_1_Divisi_n_por_tentativa_optimizado[[#All],[Tamaño]],0)) -> #DIV/0! | I6: 10 | J6: 100000 | K6: =J6/I6 -> 10000 | L6: =INDEX(Resultados_2_Criba_de_Erat_stenes[[#All],[Asignaciones]],MATCH($B6,Resultados_2_Criba_de_Erat_stenes[[#All],[Tamaño]],0))/INDEX(Resultados_2_Criba_de_Erat_stenes[[#All],[Asignaciones]],MATCH($A6,Resultados_2_Criba_de_Erat_stenes[[#All],[Tamaño]],0)) -> 15504.125 | M6: =INDEX(Resultados_2_Criba_de_Erat_stenes[[#All],[Comparaciones]],MATCH($J6,Resultados_2_Criba_de_Erat_stenes[[#All],[Tamaño]],0))/INDEX(Resultados_2_Criba_de_Erat_stenes[[#All],[Comparaciones]],MATCH($I6,Resultados_2_Criba_de_Erat_stenes[[#All],[Tamaño]],0)) -> 12702.355 | N6: =INDEX(Resultados_2_Criba_de_Erat_stenes[[#All],[Cantidad de líneas ejecutadas (Suma asig + comp)]],MATCH($J6,Resultados_2_Criba_de_Erat_stenes[[#All],[Tamaño]],0))/INDEX(Resultados_2_Criba_de_Erat_stenes[[#All],[Cantidad de líneas ejecutadas (Suma asig + comp)]],MATCH($I6,Resultados_2_Criba_de_Erat_stenes[[#All],[Tamaño]],0)) -> 14125.476 | O6: =INDEX(Resultados_2_Criba_de_Erat_stenes[[#All],[Tiempo de ejecución (ms)]],MATCH($J6,Resultados_2_Criba_de_Erat_stenes[[#All],[Tamaño]],0))/INDEX(Resultados_2_Criba_de_Erat_stenes[[#All],[Tiempo de ejecución (ms)]],MATCH($I6,Resultados_2_Criba_de_Erat_stenes[[#All],[Tamaño]],0)) -> #DIV/0!
A7: 100 | B7: 1000 | C7: =B7/A7 -> 10 | D7: =INDEX(Resultados_1_Divisi_n_por_tentativa_optimizado[[#All],[Asignaciones]],MATCH($B7,Resultados_1_Divisi_n_por_tentativa_optimizado[[#All],[Tamaño]],0))/INDEX(Resultados_1_Divisi_n_por_tentativa_optimizado[[#All],[Asignaciones]],MATCH($A7,Resultados_1_Divisi_n_por_tentativa_optimizado[[#All],[Tamaño]],0)) -> 12.121387 | E7: =INDEX(Resultados_1_Divisi_n_por_tentativa_optimizado[[#All],[Comparaciones]],MATCH($B7,Resultados_1_Divisi_n_por_tentativa_optimizado[[#All],[Tamaño]],0))/INDEX(Resultados_1_Divisi_n_por_tentativa_optimizado[[#All],[Comparaciones]],MATCH($A7,Resultados_1_Divisi_n_por_tentativa_optimizado[[#All],[Tamaño]],0)) -> 12.258345 | F7: =INDEX(Resultados_1_Divisi_n_por_tentativa_optimizado[[#All],[Líneas ejecutadas]],MATCH($B7,Resultados_1_Divisi_n_por_tentativa_optimizado[[#All],[Tamaño]],0))/INDEX(Resultados_1_Divisi_n_por_tentativa_optimizado[[#All],[Líneas ejecutadas]],MATCH($A7,Resultados_1_Divisi_n_por_tentativa_optimizado[[#All],[Tamaño]],0)) -> 12.230858 | G7: =INDEX(Resultados_1_Divisi_n_por_tentativa_optimizado[[#All],[Tiempo de ejecución (ms)]],MATCH($B7,Resultados_1_Divisi_n_por_tentativa_optimizado[[#All],[Tamaño]],0))/INDEX(Resultados_1_Divisi_n_por_tentativa_optimizado[[#All],[Tiempo de ejecución (ms)]],MATCH($A7,Resultados_1_Divisi_n_por_tentativa_optimizado[[#All],[Tamaño]],0)) -> #DIV/0! | I7: 100 | J7: 1000 | K7: =J7/I7 -> 10 | L7: =INDEX(Resultados_2_Criba_de_Erat_stenes[[#All],[Asignaciones]],MATCH($B7,Resultados_2_Criba_de_Erat_stenes[[#All],[Tamaño]],0))/INDEX(Resultados_2_Criba_de_Erat_stenes[[#All],[Asignaciones]],MATCH($A7,Resultados_2_Criba_de_Erat_stenes[[#All],[Tamaño]],0)) -> 11.528571 | M7: =INDEX(Resultados_2_Criba_de_Erat_stenes[[#All],[Comparaciones]],MATCH($J7,Resultados_2_Criba_de_Erat_stenes[[#All],[Tamaño]],0))/INDEX(Resultados_2_Criba_de_Erat_stenes[[#All],[Comparaciones]],MATCH($I7,Resultados_2_Criba_de_Erat_stenes[[#All],[Tamaño]],0)) -> 10.680982 | N7: =INDEX(Resultados_2_Criba_de_Erat_stenes[[#All],[Cantidad de líneas ejecutadas (Suma asig + comp)]],MATCH($J7,Resultados_2_Criba_de_Erat_stenes[[#All],[Tamaño]],0))/INDEX(Resultados_2_Criba_de_Erat_stenes[[#All],[Cantidad de líneas ejecutadas (Suma asig + comp)]],MATCH($I7,Resultados_2_Criba_de_Erat_stenes[[#All],[Tamaño]],0)) -> 11.119822 | O7: =INDEX(Resultados_2_Criba_de_Erat_stenes[[#All],[Tiempo de ejecución (ms)]],MATCH($J7,Resultados_2_Criba_de_Erat_stenes[[#All],[Tamaño]],0))/INDEX(Resultados_2_Criba_de_Erat_stenes[[#All],[Tiempo de ejecución (ms)]],MATCH($I7,Resultados_2_Criba_de_Erat_stenes[[#All],[Tamaño]],0)) -> #DIV/0!
A8: 1000 | B8: 10000 | C8: =B8/A8 -> 10 | D8: =INDEX(Resultados_1_Divisi_n_por_tentativa_optimizado[[#All],[Asignaciones]],MATCH($B8,Resultados_1_Divisi_n_por_tentativa_optimizado[[#All],[Tamaño]],0))/INDEX(Resultados_1_Divisi_n_por_tentativa_optimizado[[#All],[Asignaciones]],MATCH($A8,Resultados_1_Divisi_n_por_tentativa_optimizado[[#All],[Tamaño]],0)) -> 14.765856 | E8: =INDEX(Resultados_1_Divisi_n_por_tentativa_optimizado[[#All],[Comparaciones]],MATCH($B8,Resultados_1_Divisi_n_por_tentativa_optimizado[[#All],[Tamaño]],0))/INDEX(Resultados_1_Divisi_n_por_tentativa_optimizado[[#All],[Comparaciones]],MATCH($A8,Resultados_1_Divisi_n_por_tentativa_optimizado[[#All],[Tamaño]],0)) -> 13.822164 | F8: =INDEX(Resultados_1_Divisi_n_por_tentativa_optimizado[[#All],[Líneas ejecutadas]],MATCH($B8,Resultados_1_Divisi_n_por_tentativa_optimizado[[#All],[Tamaño]],0))/INDEX(Resultados_1_Divisi_n_por_tentativa_optimizado[[#All],[Líneas ejecutadas]],MATCH($A8,Resultados_1_Divisi_n_por_tentativa_optimizado[[#All],[Tamaño]],0)) -> 14.009864 | G8: =INDEX(Resultados_1_Divisi_n_por_tentativa_optimizado[[#All],[Tiempo de ejecución (ms)]],MATCH($B8,Resultados_1_Divisi_n_por_tentativa_optimizado[[#All],[Tamaño]],0))/INDEX(Resultados_1_Divisi_n_por_tentativa_optimizado[[#All],[Tiempo de ejecución (ms)]],MATCH($A8,Resultados_1_Divisi_n_por_tentativa_optimizado[[#All],[Tamaño]],0)) -> #DIV/0! | I8: 1000 | J8: 10000 | K8: =J8/I8 -> 10 | L8: =INDEX(Resultados_2_Criba_de_Erat_stenes[[#All],[Asignaciones]],MATCH($B8,Resultados_2_Criba_de_Erat_stenes[[#All],[Tamaño]],0))/INDEX(Resultados_2_Criba_de_Erat_stenes[[#All],[Asignaciones]],MATCH($A8,Resultados_2_Criba_de_Erat_stenes[[#All],[Tamaño]],0)) -> 11.231475 | M8: =INDEX(Resultados_2_Criba_de_Erat_stenes[[#All],[Comparaciones]],MATCH($J8,Resultados_2_Criba_de_Erat_stenes[[#All],[Tamaño]],0))/INDEX(Resultados_2_Criba_de_Erat_stenes[[#All],[Comparaciones]],MATCH($I8,Resultados_2_Criba_de_Erat_stenes[[#All],[Tamaño]],0)) -> 10.684664 | N8: =INDEX(Resultados_2_Criba_de_Erat_stenes[[#All],[Cantidad de líneas ejecutadas (Suma asig + comp)]],MATCH($J8,Resultados_2_Criba_de_Erat_stenes[[#All],[Tamaño]],0))/INDEX(Resultados_2_Criba_de_Erat_stenes[[#All],[Cantidad de líneas ejecutadas (Suma asig + comp)]],MATCH($I8,Resultados_2_Criba_de_Erat_stenes[[#All],[Tamaño]],0)) -> 10.978183 | O8: =INDEX(Resultados_2_Criba_de_Erat_stenes[[#All],[Tiempo de ejecución (ms)]],MATCH($J8,Resultados_2_Criba_de_Erat_stenes[[#All],[Tamaño]],0))/INDEX(Resultados_2_Criba_de_Erat_stenes[[#All],[Tiempo de ejecución (ms)]],MATCH($I8,Resultados_2_Criba_de_Erat_stenes[[#All],[Tamaño]],0)) -> #DIV/0!
A9: 100000 | B9: 1000000 | C9: =B9/A9 -> 10 | D9: =INDEX(Resultados_1_Divisi_n_por_tentativa_optimizado[[#All],[Asignaciones]],MATCH($B9,Resultados_1_Divisi_n_por_tentativa_optimizado[[#All],[Tamaño]],0))/INDEX(Resultados_1_Divisi_n_por_tentativa_optimizado[[#All],[Asignaciones]],MATCH($A9,Resultados_1_Divisi_n_por_tentativa_optimizado[[#All],[Tamaño]],0)) -> 21.792574 | E9: =INDEX(Resultados_1_Divisi_n_por_tentativa_optimizado[[#All],[Comparaciones]],MATCH($B9,Resultados_1_Divisi_n_por_tentativa_optimizado[[#All],[Tamaño]],0))/INDEX(Resultados_1_Divisi_n_por_tentativa_optimizado[[#All],[Comparaciones]],MATCH($A9,Resultados_1_Divisi_n_por_tentativa_optimizado[[#All],[Tamaño]],0)) -> 20.314885 | F9: =INDEX(Resultados_1_Divisi_n_por_tentativa_optimizado[[#All],[Líneas ejecutadas]],MATCH($B9,Resultados_1_Divisi_n_por_tentativa_optimizado[[#All],[Tamaño]],0))/INDEX(Resultados_1_Divisi_n_por_tentativa_optimizado[[#All],[Líneas ejecutadas]],MATCH($A9,Resultados_1_Divisi_n_por_tentativa_optimizado[[#All],[Tamaño]],0)) -> 20.647347 | G9: =INDEX(Resultados_1_Divisi_n_por_tentativa_optimizado[[#All],[Tiempo de ejecución (ms)]],MATCH($B9,Resultados_1_Divisi_n_por_tentativa_optimizado[[#All],[Tamaño]],0))/INDEX(Resultados_1_Divisi_n_por_tentativa_optimizado[[#All],[Tiempo de ejecución (ms)]],MATCH($A9,Resultados_1_Divisi_n_por_tentativa_optimizado[[#All],[Tamaño]],0)) -> 9.1428571 | I9: 100000 | J9: 1000000 | K9: =J9/I9 -> 10 | L9: =INDEX(Resultados_2_Criba_de_Erat_stenes[[#All],[Asignaciones]],MATCH($B9,Resultados_2_Criba_de_Erat_stenes[[#All],[Tamaño]],0))/INDEX(Resultados_2_Criba_de_Erat_stenes[[#All],[Asignaciones]],MATCH($A9,Resultados_2_Criba_de_Erat_stenes[[#All],[Tamaño]],0)) -> 10.730541 | M9: =INDEX(Resultados_2_Criba_de_Erat_stenes[[#All],[Comparaciones]],MATCH($J9,Resultados_2_Criba_de_Erat_stenes[[#All],[Tamaño]],0))/INDEX(Resultados_2_Criba_de_Erat_stenes[[#All],[Comparaciones]],MATCH($I9,Resultados_2_Criba_de_Erat_stenes[[#All],[Tamaño]],0)) -> 10.473582 | N9: =INDEX(Resultados_2_Criba_de_Erat_stenes[[#All],[Cantidad de líneas ejecutadas (Suma asig + comp)]],MATCH($J9,Resultados_2_Criba_de_Erat_stenes[[#All],[Tamaño]],0))/INDEX(Resultados_2_Criba_de_Erat_stenes[[#All],[Cantidad de líneas ejecutadas (Suma asig + comp)]],MATCH($I9,Resultados_2_Criba_de_Erat_stenes[[#All],[Tamaño]],0)) -> 10.61684 | O9: =INDEX(Resultados_2_Criba_de_Erat_stenes[[#All],[Tiempo de ejecución (ms)]],MATCH($J9,Resultados_2_Criba_de_Erat_stenes[[#All],[Tamaño]],0))/INDEX(Resultados_2_Criba_de_Erat_stenes[[#All],[Tiempo de ejecución (ms)]],MATCH($I9,Resultados_2_Criba_de_Erat_stenes[[#All],[Tamaño]],0)) -> 1.9090909
A10: 1000000 | B10: 10000000 | C10: =B10/A10 -> 10 | D10: =INDEX(Resultados_1_Divisi_n_por_tentativa_optimizado[[#All],[Asignaciones]],MATCH($B10,Resultados_1_Divisi_n_por_tentativa_optimizado[[#All],[Tamaño]],0))/INDEX(Resultados_1_Divisi_n_por_tentativa_optimizado[[#All],[Asignaciones]],MATCH($A10,Resultados_1_Divisi_n_por_tentativa_optimizado[[#All],[Tamaño]],0)) -> 24.405071 | E10: =INDEX(Resultados_1_Divisi_n_por_tentativa_optimizado[[#All],[Comparaciones]],MATCH($B10,Resultados_1_Divisi_n_por_tentativa_optimizado[[#All],[Tamaño]],0))/INDEX(Resultados_1_Divisi_n_por_tentativa_optimizado[[#All],[Comparaciones]],MATCH($A10,Resultados_1_Divisi_n_por_tentativa_optimizado[[#All],[Tamaño]],0)) -> 23.473216 | F10: =INDEX(Resultados_1_Divisi_n_por_tentativa_optimizado[[#All],[Líneas ejecutadas]],MATCH($B10,Resultados_1_Divisi_n_por_tentativa_optimizado[[#All],[Tamaño]],0))/INDEX(Resultados_1_Divisi_n_por_tentativa_optimizado[[#All],[Líneas ejecutadas]],MATCH($A10,Resultados_1_Divisi_n_por_tentativa_optimizado[[#All],[Tamaño]],0)) -> 23.694501 | G10: =INDEX(Resultados_1_Divisi_n_por_tentativa_optimizado[[#All],[Tiempo de ejecución (ms)]],MATCH($B10,Resultados_1_Divisi_n_por_tentativa_optimizado[[#All],[Tamaño]],0))/INDEX(Resultados_1_Divisi_n_por_tentativa_optimizado[[#All],[Tiempo de ejecución (ms)]],MATCH($A10,Resultados_1_Divisi_n_por_tentativa_optimizado[[#All],[Tamaño]],0)) -> 24.65625 | I10: 1000000 | J10: 10000000 | K10: =J10/I10 -> 10 | L10: =INDEX(Resultados_2_Criba_de_Erat_stenes[[#All],[Asignaciones]],MATCH($B10,Resultados_2_Criba_de_Erat_stenes[[#All],[Tamaño]],0))/INDEX(Resultados_2_Criba_de_Erat_stenes[[#All],[Asignaciones]],MATCH($A10,Resultados_2_Criba_de_Erat_stenes[[#All],[Tamaño]],0)) -> 10.58805 | M10: =INDEX(Resultados_2_Criba_de_Erat_stenes[[#All],[Comparaciones]],MATCH($J10,Resultados_2_Criba_de_Erat_stenes[[#All],[Tamaño]],0))/INDEX(Resultados_2_Criba_de_Erat_stenes[[#All],[Comparaciones]],MATCH($I10,Resultados_2_Criba_de_Erat_stenes[[#All],[Tamaño]],0)) -> 10.391512 | N10: =INDEX(Resultados_2_Criba_de_Erat_stenes[[#All],[Cantidad de líneas ejecutadas (Suma asig + comp)]],MATCH($J10,Resultados_2_Criba_de_Erat_stenes[[#All],[Tamaño]],0))/INDEX(Resultados_2_Criba_de_Erat_stenes[[#All],[Cantidad de líneas ejecutadas (Suma asig + comp)]],MATCH($I10,Resultados_2_Criba_de_Erat_stenes[[#All],[Tamaño]],0)) -> 10.502258 | O10: =INDEX(Resultados_2_Criba_de_Erat_stenes[[#All],[Tiempo de ejecución (ms)]],MATCH($J10,Resultados_2_Criba_de_Erat_stenes[[#All],[Tamaño]],0))/INDEX(Resultados_2_Criba_de_Erat_stenes[[#All],[Tiempo de ejecución (ms)]],MATCH($I10,Resultados_2_Criba_de_Erat_stenes[[#All],[Tamaño]],0)) -> 5.8095238
A11: 100 | B11: 10000 | C11: =B11/A11 -> 100 | D11: =INDEX(Resultados_1_Divisi_n_por_tentativa_optimizado[[#All],[Asignaciones]],MATCH($B11,Resultados_1_Divisi_n_por_tentativa_optimizado[[#All],[Tamaño]],0))/INDEX(Resultados_1_Divisi_n_por_tentativa_optimizado[[#All],[Asignaciones]],MATCH($A11,Resultados_1_Divisi_n_por_tentativa_optimizado[[#All],[Tamaño]],0)) -> 178.98266 | E11: =INDEX(Resultados_1_Divisi_n_por_tentativa_optimizado[[#All],[Comparaciones]],MATCH($B11,Resultados_1_Divisi_n_por_tentativa_optimizado[[#All],[Tamaño]],0))/INDEX(Resultados_1_Divisi_n_por_tentativa_optimizado[[#All],[Comparaciones]],MATCH($A11,Resultados_1_Divisi_n_por_tentativa_optimizado[[#All],[Tamaño]],0)) -> 169.43687 | F11: =INDEX(Resultados_1_Divisi_n_por_tentativa_optimizado[[#All],[Líneas ejecutadas]],MATCH($B11,Resultados_1_Divisi_n_por_tentativa_optimizado[[#All],[Tamaño]],0))/INDEX(Resultados_1_Divisi_n_por_tentativa_optimizado[[#All],[Líneas ejecutadas]],MATCH($A11,Resultados_1_Divisi_n_por_tentativa_optimizado[[#All],[Tamaño]],0)) -> 171.35267 | G11: =INDEX(Resultados_1_Divisi_n_por_tentativa_optimizado[[#All],[Tiempo de ejecución (ms)]],MATCH($B11,Resultados_1_Divisi_n_por_tentativa_optimizado[[#All],[Tamaño]],0))/INDEX(Resultados_1_Divisi_n_por_tentativa_optimizado[[#All],[Tiempo de ejecución (ms)]],MATCH($A11,Resultados_1_Divisi_n_por_tentativa_optimizado[[#All],[Tamaño]],0)) -> #DIV/0! | I11: 100 | J11: 10000 | K11: =J11/I11 -> 100 | L11: =INDEX(Resultados_2_Criba_de_Erat_stenes[[#All],[Asignaciones]],MATCH($B11,Resultados_2_Criba_de_Erat_stenes[[#All],[Tamaño]],0))/INDEX(Resultados_2_Criba_de_Erat_stenes[[#All],[Asignaciones]],MATCH($A11,Resultados_2_Criba_de_Erat_stenes[[#All],[Tamaño]],0)) -> 129.48286 | M11: =INDEX(Resultados_2_Criba_de_Erat_stenes[[#All],[Comparaciones]],MATCH($J11,Resultados_2_Criba_de_Erat_stenes[[#All],[Tamaño]],0))/INDEX(Resultados_2_Criba_de_Erat_stenes[[#All],[Comparaciones]],MATCH($I11,Resultados_2_Criba_de_Erat_stenes[[#All],[Tamaño]],0)) -> 114.1227 | N11: =INDEX(Resultados_2_Criba_de_Erat_stenes[[#All],[Cantidad de líneas ejecutadas (Suma asig + comp)]],MATCH($J11,Resultados_2_Criba_de_Erat_stenes[[#All],[Tamaño]],0))/INDEX(Resultados_2_Criba_de_Erat_stenes[[#All],[Cantidad de líneas ejecutadas (Suma asig + comp)]],MATCH($I11,Resultados_2_Criba_de_Erat_stenes[[#All],[Tamaño]],0)) -> 122.07544 | O11: =INDEX(Resultados_2_Criba_de_Erat_stenes[[#All],[Tiempo de ejecución (ms)]],MATCH($J11,Resultados_2_Criba_de_Erat_stenes[[#All],[Tamaño]],0))/INDEX(Resultados_2_Criba_de_Erat_stenes[[#All],[Tiempo de ejecución (ms)]],MATCH($I11,Resultados_2_Criba_de_Erat_stenes[[#All],[Tamaño]],0)) -> #DIV/0!
A12: 1000 | B12: 100000 | C12: =B12/A12 -> 100 | D12: =INDEX(Resultados_1_Divisi_n_por_tentativa_optimizado[[#All],[Asignaciones]],MATCH($B12,Resultados_1_Divisi_n_por_tentativa_optimizado[[#All],[Tamaño]],0))/INDEX(Resultados_1_Divisi_n_por_tentativa_optimizado[[#All],[Asignaciones]],MATCH($A12,Resultados_1_Divisi_n_por_tentativa_optimizado[[#All],[Tamaño]],0)) -> 270.27945 | E12: =INDEX(Resultados_1_Divisi_n_por_tentativa_optimizado[[#All],[Comparaciones]],MATCH($B12,Resultados_1_Divisi_n_por_tentativa_optimizado[[#All],[Tamaño]],0))/INDEX(Resultados_1_Divisi_n_por_tentativa_optimizado[[#All],[Comparaciones]],MATCH($A12,Resultados_1_Divisi_n_por_tentativa_optimizado[[#All],[Tamaño]],0)) -> 231.1583 | F12: =INDEX(Resultados_1_Divisi_n_por_tentativa_optimizado[[#All],[Líneas ejecutadas]],MATCH($B12,Resultados_1_Divisi_n_por_tentativa_optimizado[[#All],[Tamaño]],0))/INDEX(Resultados_1_Divisi_n_por_tentativa_optimizado[[#All],[Líneas ejecutadas]],MATCH($A12,Resultados_1_Divisi_n_por_tentativa_optimizado[[#All],[Tamaño]],0)) -> 238.93949 | G12: =INDEX(Resultados_1_Divisi_n_por_tentativa_optimizado[[#All],[Tiempo de ejecución (ms)]],MATCH($B12,Resultados_1_Divisi_n_por_tentativa_optimizado[[#All],[Tamaño]],0))/INDEX(Resultados_1_Divisi_n_por_tentativa_optimizado[[#All],[Tiempo de ejecución (ms)]],MATCH($A12,Resultados_1_Divisi_n_por_tentativa_optimizado[[#All],[Tamaño]],0)) -> #DIV/0! | I12: 1000 | J12: 100000 | K12: =J12/I12 -> 100 | L12: =INDEX(Resultados_2_Criba_de_Erat_stenes[[#All],[Asignaciones]],MATCH($B12,Resultados_2_Criba_de_Erat_stenes[[#All],[Tamaño]],0))/INDEX(Resultados_2_Criba_de_Erat_stenes[[#All],[Asignaciones]],MATCH($A12,Resultados_2_Criba_de_Erat_stenes[[#All],[Tamaño]],0)) -> 122.95713 | M12: =INDEX(Resultados_2_Criba_de_Erat_stenes[[#All],[Comparaciones]],MATCH($J12,Resultados_2_Criba_de_Erat_stenes[[#All],[Tamaño]],0))/INDEX(Resultados_2_Criba_de_Erat_stenes[[#All],[Comparaciones]],MATCH($I12,Resultados_2_Criba_de_Erat_stenes[[#All],[Tamaño]],0)) -> 113.08817 | N12: =INDEX(Resultados_2_Criba_de_Erat_stenes[[#All],[Cantidad de líneas ejecutadas (Suma asig + comp)]],MATCH($J12,Resultados_2_Criba_de_Erat_stenes[[#All],[Tamaño]],0))/INDEX(Resultados_2_Criba_de_Erat_stenes[[#All],[Cantidad de líneas ejecutadas (Suma asig + comp)]],MATCH($I12,Resultados_2_Criba_de_Erat_stenes[[#All],[Tamaño]],0)) -> 118.38566 | O12: =INDEX(Resultados_2_Criba_de_Erat_stenes[[#All],[Tiempo de ejecución (ms)]],MATCH($J12,Resultados_2_Criba_de_Erat_stenes[[#All],[Tamaño]],0))/INDEX(Resultados_2_Criba_de_Erat_stenes[[#All],[Tiempo de ejecución (ms)]],MATCH($I12,Resultados_2_Criba_de_Erat_stenes[[#All],[Tamaño]],0)) -> #DIV/0!

Sheet Resultados_1_Divisi_n_por_tenta
A1: Tamaño | B1: Asignaciones | C1: Comparaciones | D1: Líneas ejecutadas | E1: Tiempo de ejecución (ms) | F1: Cantidad de líneas del código
A2: 10 | B2: 16 | C2: 53 | D2: 69 | E2: 0 | F2: 15
A3: 100 | B3: 173 | C3: 689 | D3: 862 | E3: 0 | F3: 15
A4: 1000 | B4: 2097 | C4: 8446 | D4: 10543 | E4: 0 | F4: 15
A5: 10000 | B5: 30964 | C5: 116742 | D5: 147706 | E5: 1 | F5: 15
A6: 100000 | B6: 566776 | C6: 1952363 | D6: 2519139 | E6: 7 | F6: 15
A7: 1000000 | B7: 12351508 | C7: 39662029 | D7: 52013537 | E7: 64 | F7: 15
A8: 10000000 | B8: 301439428 | C8: 930995384 | D8: 1232434812 | E8: 1578 | F8: 15
A9: 100000000 | B9: 7856519406 | C9: 23840750938 | D9: 31697270344 | E9: 38306 | F9: 15

Sheet Resultados_2_Criba_de_Erat_sten
A1: Tamaño | B1: Asignaciones | C1: Comparaciones | D1: Cantidad de líneas ejecutadas (Suma asig + comp) | E1: Tiempo de ejecución (ms) | F1: Cantidad de líneas del código
A2: 10 | B2: 32 | C2: 31 | D2: 63 | E2: 0 | F2: 11
A3: 100 | B3: 350 | C3: 326 | D3: 676 | E3: 0 | F3: 11
A4: 1000 | B4: 4035 | C4: 3482 | D4: 7517 | E4: 0 | F4: 11
A5: 10000 | B5: 45319 | C5: 37204 | D5: 82523 | E5: 1 | F5: 11
A6: 100000 | B6: 496132 | C6: 393773 | D6: 889905 | E6: 11 | F6: 11
A7: 1000000 | B7: 5323765 | C7: 4124214 | D7: 9447979 | E7: 21 | F7: 11
A8: 10000000 | B8: 56368292 | C8: 42856819 | D8: 99225111 | E8: 122 | F8: 11
A9: 100000000 | B9: 590913095 | C9: 442591431 | D9: 1033504526 | E9: 1454 | F9: 11

Sheet Resultados_3_Criba_de_Atkin
A1: Tamaño | B1: Asignaciones | C1: Comparaciones | D1: Cantidad de líneas ejecutadas (Suma asig + comp) | E1: Tiempo de ejecución (ms) | F1: Cantidad de líneas del código
A2: 10 | B2: 71 | C2: 101 | D2: 172 | E2: 0 | F2: 30
A3: 100 | B3: 569 | C3: 915 | D3: 1484 | E3: 0 | F3: 30
A4: 1000 | B4: 6090 | C4: 10332 | D4: 16422 | E4: 0 | F4: 30
A5: 10000 | B5: 60607 | C5: 104456 | D5: 165063 | E5: 2 | F5: 30
A6: 100000 | B6: 609556 | C6: 1058666 | D6: 1668222 | E6: 12 | F6: 30
A7: 1000000 | B7: 6068489 | C7: 10576605 | D7: 16645094 | E7: 23 | F7: 30
A8: 10000000 | B8: 60624422 | C8: 105904222 | D8: 166528644 | E8: 86 | F8: 30
A9: 100000000 | B9: 605278378 | C9: 1058968310 | D9: 1664246688 | E9: 1445 | F9: 30

Sheet Resultados_4_Miller-Rabin
A1: Tamaño | B1: Asignaciones | C1: Comparaciones | D1: Cantidad de líneas ejecutadas (Suma asig + comp) | E1: Tiempo de ejecución (ms) | F1: Cantidad de líneas del código
A2: 10 | B2: 602 | C2: 636 | D2: 1238 | E2: 1 | F2: 42
A3: 100 | B3: 5161 | C3: 5571 | D3: 10732 | E3: 9 | F3: 42
A4: 1000 | B4: 38908 | C4: 43372 | D4: 82280 | E4: 13 | F4: 42
A5: 10000 | B5: 306706 | C5: 353275 | D5: 659981 | E5: 58 | F5: 42
A6: 100000 | B6: 2564239 | C6: 3037738 | D6: 5601977 | E6: 255 | F6: 42
A7: 1000000 | B7: 22195895 | C7: 26822389 | D7: 49018284 | E7: 2307 | F7: 42
A8: 10000000 | B8: 199880323 | C8: 247165471 | D8: 447045794 | E8: 19675 | F8: 42
A9: 100000000 | B9: 1830373607 | C9: 2304561056 | D9: 4134934663 | E9: 193228 | F9: 42
